Workbook

Sheet Dashboard
B2: UK SME Portfolio - IFRS 9 ECL Dashboard
B5: Total Loans | E5: Total EAD | H5: Weighted ECL
B6: =COUNTA(Portfolio!A2:A501) -> 500 | E6: =SUM(Portfolio!D2:D501) -> 49026759 | H6: =SUM('ECL Calculation'!N2:N501) -> 10128312
B8: Portfolio Coverage | E8: Avg 12m PD | H8: Realised Default Rate
B9: =SUM('ECL Calculation'!N2:N501)/SUM(Portfolio!D2:D501) -> 0.20658742 | E9: =AVERAGE(Portfolio!G2:G501) -> 0.17170135 | H9: =AVERAGE(Portfolio!I2:I501) -> 0.174
B11: Stage 1 Count | E11: Stage 2 Count | H11: Stage 3 Count
B12: =COUNTIF('ECL Calculation'!G2:G501,"Stage 1") -> 190 | E12: =COUNTIF('ECL Calculation'!G2:G501,"Stage 2") -> 220 | H12: =COUNTIF('ECL Calculation'!G2:G501,"Stage 3") -> 90
B17: Notes:
B18: - All values are model outputs (formulas). Edit scenario weights on 'Cover & Assumptions' to flex.
B19: - Stage 2 trigger: PD > SICR threshold or DPD >= 30.
B20: - Stage 3 trigger: DPD >= 90 or default flag = 1.
B21: - ECL = PD x LGD x EAD with probability-weighted 3-scenario macro overlay (IFRS 9 compliant).

Sheet Cover & Assumptions
B2: UK SME Credit Risk Scorecard & IFRS 9 ECL Model
B3: Author: Amogh H. H. | Methodology: PD x LGD x EAD with 3-scenario macro overlay
B5: Reporting date: | C5: 31-Mar-2026
B6: Reporting currency: | C6: GBP
B7: Portfolio: | C7: UK SME Lending Book
B9: Scenario Assumptions (IFRS 9 forward-looking)
B10: Scenario | C10: Weight | D10: PD multiplier | E10: LGD multiplier | F10: UK GDP YoY
B11: Upside | C11: 0.2 | D11: 0.85 | E11: 0.95 | F11: 0.024
B12: Base | C12: 0.55 | D12: 1 | E12: 1 | F12: 0.006
B13: Downside | C13: 0.25 | D13: 1.45 | E13: 1.2 | F13: -0.012
B14: Total weight check: | C14: =SUM(C11:C13) -> 1
B17: Macro & Policy Inputs
B18: BoE base rate | C18: 0.0525
B19: UK unemployment rate | C19: 0.043
B20: UK CPI YoY | C20: 0.022
B21: SICR PD threshold (Stage 2 trigger) | C21: 0.15
B22: Default DPD threshold (Stage 3) | C22: 90
B25: Colour key:
B26: Blue text = Input (change me)
B27: Black text = Formula
B28: Green text = Cross-sheet link

Sheet Portfolio
A1: Loan ID | B1: Sector | C1: Region | D1: EAD (GBP) | E1: LGD | F1: DPD | G1: 12m PD | H1: Term (m) | I1: Default flag
A2: UKSME-101977 | B2: Construction | C2: London | D2: 134823 | E2: 0.929 | F2: 0 | G2: 0.12927347 | H2: 24 | I2: 0
A3: UKSME-103880 | B3: Wholesale | C3: East Midlands | D3: 11687 | E3: 0.571 | F3: 0 | G3: 0.16657314 | H3: 60 | I3: 0
A4: UKSME-100052 | B4: Professional Services | C4: West Midlands | D4: 29277 | E4: 0.252 | F4: 0 | G4: 0.1349342 | H4: 84 | I4: 0
A5: UKSME-102551 | B5: Transport | C5: West Midlands | D5: 120662 | E5: 0.147 | F5: 0 | G5: 0.1304506 | H5: 120 | I5: 1
A6: UKSME-102246 | B6: Hospitality | C6: London | D6: 30592 | E6: 0.891 | F6: 0 | G6: 0.010167042 | H6: 36 | I6: 0
A7: UKSME-100270 | B7: Construction | C7: London | D7: 171778 | E7: 0.577 | F7: 0 | G7: 0.23909731 | H7: 36 | I7: 0
A8: UKSME-100601 | B8: Healthcare | C8: East Midlands | D8: 211880 | E8: 0.214 | F8: 0 | G8: 0.062716066 | H8: 36 | I8: 0
A9: UKSME-102441 | B9: Manufacturing | C9: Northern Ireland | D9: 92085 | E9: 0.599 | F9: 0 | G9: 0.23648719 | H9: 48 | I9: 0
A10: UKSME-103286 | B10: Transport | C10: East of England | D10: 386439 | E10: 0.819 | F10: 0 | G10: 0.26369841 | H10: 24 | I10: 0
A11: UKSME-102967 | B11: Transport | C11: South East | D11: 58726 | E11: 0.05 | F11: 0 | G11: 0.07782749 | H11: 36 | I11: 0
A12: UKSME-104712 | B12: Real Estate | C12: Wales | D12: 49936 | E12: 0.661 | F12: 0 | G12: 0.255555 | H12: 36 | I12: 1
A13: UKSME-109032 | B13: Hospitality | C13: South West | D13: 41912 | E13: 0.806 | F13: 0 | G13: 0.19881368 | H13: 48 | I13: 0
... A501: UKSME-109321 | B501: Professional Services | C501: East of England | D501: 58535 | E501: 0.775 | F501: 0 | G501: 0.11762105 | H501: 60 | I501: 0

Sheet ECL Calculation
A1: Loan ID | B1: Sector | C1: EAD (GBP) | D1: 12m PD | E1: LGD | F1: DPD | G1: Stage | H1: Horizon (m) | I1: Lifetime PD | J1: PD for ECL | K1: ECL Upside | L1: ECL Base | M1: ECL Downside | N1: ECL Weighted
A2: =Portfolio!A2 -> UKSME-101977 | B2: =Portfolio!B2 -> Construction | C2: =Portfolio!D2 -> 134823 | D2: =Portfolio!G2 -> 0.12927347 | E2: =Portfolio!E2 -> 0.929 | F2: =Portfolio!F2 -> 0 | G2: =IF(OR(F2>='Cover & Assumptions'!$C$22,Portfolio!I2=1),"Stage 3",IF(OR(F2>=30,D2>'Cover & Assumptions'!$C$21),"Stage 2","Stage 1")) -> Stage 1 | H2: =IF(G2="Stage 1",12,MIN(Portfolio!H2,60)) -> 12 | I2: =1-(1-D2)^(H2/12) -> 0.12927347 | J2: =IF(G2="Stage 1",D2,I2) -> 0.12927347 | K2: =J2*'Cover & Assumptions'!$D$11*E2*'Cover & Assumptions'!$E$11*C2 -> 13074.697 | L2: =J2*'Cover & Assumptions'!$D$12*E2*'Cover & Assumptions'!$E$12*C2 -> 16191.575 | M2: =J2*'Cover & Assumptions'!$D$13*E2*'Cover & Assumptions'!$E$13*C2 -> 28173.341 | N2: =K2*'Cover & Assumptions'!$C$11+L2*'Cover & Assumptions'!$C$12+M2*'Cover & Assumptions'!$C$13 -> 18563.641
A3: =Portfolio!A3 -> UKSME-103880 | B3: =Portfolio!B3 -> Wholesale | C3: =Portfolio!D3 -> 11687 | D3: =Portfolio!G3 -> 0.16657314 | E3: =Portfolio!E3 -> 0.571 | F3: =Portfolio!F3 -> 0 | G3: =IF(OR(F3>='Cover & Assumptions'!$C$22,Portfolio!I3=1),"Stage 3",IF(OR(F3>=30,D3>'Cover & Assumptions'!$C$21),"Stage 2","Stage 1")) -> Stage 2 | H3: =IF(G3="Stage 1",12,MIN(Portfolio!H3,60)) -> 60 | I3: =1-(1-D3)^(H3/12) -> 0.59789687 | J3: =IF(G3="Stage 1",D3,I3) -> 0.59789687 | K3: =J3*'Cover & Assumptions'!$D$11*E3*'Cover & Assumptions'!$E$11*C3 -> 3221.8696 | L3: =J3*'Cover & Assumptions'!$D$12*E3*'Cover & Assumptions'!$E$12*C3 -> 3989.9314 | M3: =J3*'Cover & Assumptions'!$D$13*E3*'Cover & Assumptions'!$E$13*C3 -> 6942.4807 | N3: =K3*'Cover & Assumptions'!$C$11+L3*'Cover & Assumptions'!$C$12+M3*'Cover & Assumptions'!$C$13 -> 4574.4564
A4: =Portfolio!A4 -> UKSME-100052 | B4: =Portfolio!B4 -> Professional Services | C4: =Portfolio!D4 -> 29277 | D4: =Portfolio!G4 -> 0.1349342 | E4: =Portfolio!E4 -> 0.252 | F4: =Portfolio!F4 -> 0 | G4: =IF(OR(F4>='Cover & Assumptions'!$C$22,Portfolio!I4=1),"Stage 3",IF(OR(F4>=30,D4>'Cover & Assumptions'!$C$21),"Stage 2","Stage 1")) -> Stage 1 | H4: =IF(G4="Stage 1",12,MIN(Portfolio!H4,60)) -> 12 | I4: =1-(1-D4)^(H4/12) -> 0.1349342 | J4: =IF(G4="Stage 1",D4,I4) -> 0.1349342 | K4: =J4*'Cover & Assumptions'!$D$11*E4*'Cover & Assumptions'!$E$11*C4 -> 803.88084 | L4: =J4*'Cover & Assumptions'!$D$12*E4*'Cover & Assumptions'!$E$12*C4 -> 995.51806 | M4: =J4*'Cover & Assumptions'!$D$13*E4*'Cover & Assumptions'!$E$13*C4 -> 1732.2014 | N4: =K4*'Cover & Assumptions'!$C$11+L4*'Cover & Assumptions'!$C$12+M4*'Cover & Assumptions'!$C$13 -> 1141.3615
A5: =Portfolio!A5 -> UKSME-102551 | B5: =Portfolio!B5 -> Transport | C5: =Portfolio!D5 -> 120662 | D5: =Portfolio!G5 -> 0.1304506 | E5: =Portfolio!E5 -> 0.147 | F5: =Portfolio!F5 -> 0 | G5: =IF(OR(F5>='Cover & Assumptions'!$C$22,Portfolio!I5=1),"Stage 3",IF(OR(F5>=30,D5>'Cover & Assumptions'!$C$21),"Stage 2","Stage 1")) -> Stage 3 | H5: =IF(G5="Stage 1",12,MIN(Portfolio!H5,60)) -> 60 | I5: =1-(1-D5)^(H5/12) -> 0.50286847 | J5: =IF(G5="Stage 1",D5,I5) -> 0.50286847 | K5: =J5*'Cover & Assumptions'!$D$11*E5*'Cover & Assumptions'!$E$11*C5 -> 7202.5253 | L5: =J5*'Cover & Assumptions'!$D$12*E5*'Cover & Assumptions'!$E$12*C5 -> 8919.536 | M5: =J5*'Cover & Assumptions'!$D$13*E5*'Cover & Assumptions'!$E$13*C5 -> 15519.993 | N5: =K5*'Cover & Assumptions'!$C$11+L5*'Cover & Assumptions'!$C$12+M5*'Cover & Assumptions'!$C$13 -> 10226.248
A6: =Portfolio!A6 -> UKSME-102246 | B6: =Portfolio!B6 -> Hospitality | C6: =Portfolio!D6 -> 30592 | D6: =Portfolio!G6 -> 0.010167042 | E6: =Portfolio!E6 -> 0.891 | F6: =Portfolio!F6 -> 0 | G6: =IF(OR(F6>='Cover & Assumptions'!$C$22,Portfolio!I6=1),"Stage 3",IF(OR(F6>=30,D6>'Cover & Assumptions'!$C$21),"Stage 2","Stage 1")) -> Stage 1 | H6: =IF(G6="Stage 1",12,MIN(Portfolio!H6,60)) -> 12 | I6: =1-(1-D6)^(H6/12) -> 0.010167042 | J6: =IF(G6="Stage 1",D6,I6) -> 0.010167042 | K6: =J6*'Cover & Assumptions'!$D$11*E6*'Cover & Assumptions'!$E$11*C6 -> 223.78074 | L6: =J6*'Cover & Assumptions'!$D$12*E6*'Cover & Assumptions'!$E$12*C6 -> 277.12785 | M6: =J6*'Cover & Assumptions'!$D$13*E6*'Cover & Assumptions'!$E$13*C6 -> 482.20246 | N6: =K6*'Cover & Assumptions'!$C$11+L6*'Cover & Assumptions'!$C$12+M6*'Cover & Assumptions'!$C$13 -> 317.72708
A7: =Portfolio!A7 -> UKSME-100270 | B7: =Portfolio!B7 -> Construction | C7: =Portfolio!D7 -> 171778 | D7: =Portfolio!G7 -> 0.23909731 | E7: =Portfolio!E7 -> 0.577 | F7: =Portfolio!F7 -> 0 | G7: =IF(OR(F7>='Cover & Assumptions'!$C$22,Portfolio!I7=1),"Stage 3",IF(OR(F7>=30,D7>'Cover & Assumptions'!$C$21),"Stage 2","Stage 1")) -> Stage 2 | H7: =IF(G7="Stage 1",12,MIN(Portfolio!H7,60)) -> 36 | I7: =1-(1-D7)^(H7/12) -> 0.55945796 | J7: =IF(G7="Stage 1",D7,I7) -> 0.55945796 | K7: =J7*'Cover & Assumptions'!$D$11*E7*'Cover & Assumptions'!$E$11*C7 -> 44776.83 | L7: =J7*'Cover & Assumptions'!$D$12*E7*'Cover & Assumptions'!$E$12*C7 -> 55451.182 | M7: =J7*'Cover & Assumptions'!$D$13*E7*'Cover & Assumptions'!$E$13*C7 -> 96485.057 | N7: =K7*'Cover & Assumptions'!$C$11+L7*'Cover & Assumptions'!$C$12+M7*'Cover & Assumptions'!$C$13 -> 63574.78
A8: =Portfolio!A8 -> UKSME-100601 | B8: =Portfolio!B8 -> Healthcare | C8: =Portfolio!D8 -> 211880 | D8: =Portfolio!G8 -> 0.062716066 | E8: =Portfolio!E8 -> 0.214 | F8: =Portfolio!F8 -> 0 | G8: =IF(OR(F8>='Cover & Assumptions'!$C$22,Portfolio!I8=1),"Stage 3",IF(OR(F8>=30,D8>'Cover & Assumptions'!$C$21),"Stage 2","Stage 1")) -> Stage 1 | H8: =IF(G8="Stage 1",12,MIN(Portfolio!H8,60)) -> 12 | I8: =1-(1-D8)^(H8/12) -> 0.062716066 | J8: =IF(G8="Stage 1",D8,I8) -> 0.062716066 | K8: =J8*'Cover & Assumptions'!$D$11*E8*'Cover & Assumptions'!$E$11*C8 -> 2296.2813 | L8: =J8*'Cover & Assumptions'!$D$12*E8*'Cover & Assumptions'!$E$12*C8 -> 2843.692 | M8: =J8*'Cover & Assumptions'!$D$13*E8*'Cover & Assumptions'!$E$13*C8 -> 4948.024 | N8: =K8*'Cover & Assumptions'!$C$11+L8*'Cover & Assumptions'!$C$12+M8*'Cover & Assumptions'!$C$13 -> 3260.2928
A9: =Portfolio!A9 -> UKSME-102441 | B9: =Portfolio!B9 -> Manufacturing | C9: =Portfolio!D9 -> 92085 | D9: =Portfolio!G9 -> 0.23648719 | E9: =Portfolio!E9 -> 0.599 | F9: =Portfolio!F9 -> 0 | G9: =IF(OR(F9>='Cover & Assumptions'!$C$22,Portfolio!I9=1),"Stage 3",IF(OR(F9>=30,D9>'Cover & Assumptions'!$C$21),"Stage 2","Stage 1")) -> Stage 2 | H9: =IF(G9="Stage 1",12,MIN(Portfolio!H9,60)) -> 48 | I9: =1-(1-D9)^(H9/12) -> 0.66016718 | J9: =IF(G9="Stage 1",D9,I9) -> 0.66016718 | K9: =J9*'Cover & Assumptions'!$D$11*E9*'Cover & Assumptions'!$E$11*C9 -> 29404.39 | L9: =J9*'Cover & Assumptions'!$D$12*E9*'Cover & Assumptions'!$E$12*C9 -> 36414.105 | M9: =J9*'Cover & Assumptions'!$D$13*E9*'Cover & Assumptions'!$E$13*C9 -> 63360.543 | N9: =K9*'Cover & Assumptions'!$C$11+L9*'Cover & Assumptions'!$C$12+M9*'Cover & Assumptions'!$C$13 -> 41748.772
A10: =Portfolio!A10 -> UKSME-103286 | B10: =Portfolio!B10 -> Transport | C10: =Portfolio!D10 -> 386439 | D10: =Portfolio!G10 -> 0.26369841 | E10: =Portfolio!E10 -> 0.819 | F10: =Portfolio!F10 -> 0 | G10: =IF(OR(F10>='Cover & Assumptions'!$C$22,Portfolio!I10=1),"Stage 3",IF(OR(F10>=30,D10>'Cover & Assumptions'!$C$21),"Stage 2","Stage 1")) -> Stage 2 | H10: =IF(G10="Stage 1",12,MIN(Portfolio!H10,60)) -> 24 | I10: =1-(1-D10)^(H10/12) -> 0.45785997 | J10: =IF(G10="Stage 1",D10,I10) -> 0.45785997 | K10: =J10*'Cover & Assumptions'!$D$11*E10*'Cover & Assumptions'!$E$11*C10 -> 117014.6 | L10: =J10*'Cover & Assumptions'!$D$12*E10*'Cover & Assumptions'!$E$12*C10 -> 144909.72 | M10: =J10*'Cover & Assumptions'!$D$13*E10*'Cover & Assumptions'!$E$13*C10 -> 252142.92 | N10: =K10*'Cover & Assumptions'!$C$11+L10*'Cover & Assumptions'!$C$12+M10*'Cover & Assumptions'!$C$13 -> 166139
A11: =Portfolio!A11 -> UKSME-102967 | B11: =Portfolio!B11 -> Transport | C11: =Portfolio!D11 -> 58726 | D11: =Portfolio!G11 -> 0.07782749 | E11: =Portfolio!E11 -> 0.05 | F11: =Portfolio!F11 -> 0 | G11: =IF(OR(F11>='Cover & Assumptions'!$C$22,Portfolio!I11=1),"Stage 3",IF(OR(F11>=30,D11>'Cover & Assumptions'!$C$21),"Stage 2","Stage 1")) -> Stage 1 | H11: =IF(G11="Stage 1",12,MIN(Portfolio!H11,60)) -> 12 | I11: =1-(1-D11)^(H11/12) -> 0.07782749 | J11: =IF(G11="Stage 1",D11,I11) -> 0.07782749 | K11: =J11*'Cover & Assumptions'!$D$11*E11*'Cover & Assumptions'!$E$11*C11 -> 184.53382 | L11: =J11*'Cover & Assumptions'!$D$12*E11*'Cover & Assumptions'!$E$12*C11 -> 228.52486 | M11: =J11*'Cover & Assumptions'!$D$13*E11*'Cover & Assumptions'!$E$13*C11 -> 397.63325 | N11: =K11*'Cover & Assumptions'!$C$11+L11*'Cover & Assumptions'!$C$12+M11*'Cover & Assumptions'!$C$13 -> 262.00375
A12: =Portfolio!A12 -> UKSME-104712 | B12: =Portfolio!B12 -> Real Estate | C12: =Portfolio!D12 -> 49936 | D12: =Portfolio!G12 -> 0.255555 | E12: =Portfolio!E12 -> 0.661 | F12: =Portfolio!F12 -> 0 | G12: =IF(OR(F12>='Cover & Assumptions'!$C$22,Portfolio!I12=1),"Stage 3",IF(OR(F12>=30,D12>'Cover & Assumptions'!$C$21),"Stage 2","Stage 1")) -> Stage 3 | H12: =IF(G12="Stage 1",12,MIN(Portfolio!H12,60)) -> 36 | I12: =1-(1-D12)^(H12/12) -> 0.58742981 | J12: =IF(G12="Stage 1",D12,I12) -> 0.58742981 | K12: =J12*'Cover & Assumptions'!$D$11*E12*'Cover & Assumptions'!$E$11*C12 -> 15657.186 | L12: =J12*'Cover & Assumptions'!$D$12*E12*'Cover & Assumptions'!$E$12*C12 -> 19389.704 | M12: =J12*'Cover & Assumptions'!$D$13*E12*'Cover & Assumptions'!$E$13*C12 -> 33738.086 | N12: =K12*'Cover & Assumptions'!$C$11+L12*'Cover & Assumptions'!$C$12+M12*'Cover & Assumptions'!$C$13 -> 22230.296
A13: =Portfolio!A13 -> UKSME-109032 | B13: =Portfolio!B13 -> Hospitality | C13: =Portfolio!D13 -> 41912 | D13: =Portfolio!G13 -> 0.19881368 | E13: =Portfolio!E13 -> 0.806 | F13: =Portfolio!F13 -> 0 | G13: =IF(OR(F13>='Cover & Assumptions'!$C$22,Portfolio!I13=1),"Stage 3",IF(OR(F13>=30,D13>'Cover & Assumptions'!$C$21),"Stage 2","Stage 1")) -> Stage 2 | H13: =IF(G13="Stage 1",12,MIN(Portfolio!H13,60)) -> 48 | I13: =1-(1-D13)^(H13/12) -> 0.58796501 | J13: =IF(G13="Stage 1",D13,I13) -> 0.58796501 | K13: =J13*'Cover & Assumptions'!$D$11*E13*'Cover & Assumptions'!$E$11*C13 -> 16038.636 | L13: =J13*'Cover & Assumptions'!$D$12*E13*'Cover & Assumptions'!$E$12*C13 -> 19862.088 | M13: =J13*'Cover & Assumptions'!$D$13*E13*'Cover & Assumptions'!$E$13*C13 -> 34560.034 | N13: =K13*'Cover & Assumptions'!$C$11+L13*'Cover & Assumptions'!$C$12+M13*'Cover & Assumptions'!$C$13 -> 22771.884
... A501: =Portfolio!A501 -> UKSME-109321 | B501: =Portfolio!B501 -> Professional Services | C501: =Portfolio!D501 -> 58535 | D501: =Portfolio!G501 -> 0.11762105 | E501: =Portfolio!E501 -> 0.775 | F501: =Portfolio!F501 -> 0 | G501: =IF(OR(F501>='Cover & Assumptions'!$C$22,Portfolio!I501=1),"Stage 3",IF(OR(F501>=30,D501>'Cover & Assumptions'!$C$21),"Stage 2","Stage 1")) -> Stage 1 | H501: =IF(G501="Stage 1",12,MIN(Portfolio!H501,60)) -> 12 | I501: =1-(1-D501)^(H501/12) -> 0.11762105 | J501: =IF(G501="Stage 1",D501,I501) -> 0.11762105 | K501: =J501*'Cover & Assumptions'!$D$11*E501*'Cover & Assumptions'!$E$11*C501 -> 4308.6865 | L501: =J501*'Cover & Assumptions'!$D$12*E501*'Cover & Assumptions'!$E$12*C501 -> 5335.8347 | M501: =J501*'Cover & Assumptions'!$D$13*E501*'Cover & Assumptions'!$E$13*C501 -> 9284.3524 | N501: =K501*'Cover & Assumptions'!$C$11+L501*'Cover & Assumptions'!$C$12+M501*'Cover & Assumptions'!$C$13 -> 6117.5345

Sheet Stage Summary
B2: IFRS 9 ECL - Portfolio Summary by Stage
B4: Stage | C4: # Loans | D4: EAD (GBP) | E4: Weighted ECL (GBP) | F4: Coverage Ratio
B5: Stage 1 | C5: =COUNTIF('ECL Calculation'!G2:G501,"Stage 1") -> 190 | D5: =SUMIF('ECL Calculation'!G2:G501,"Stage 1",'ECL Calculation'!C2:C501) -> 16548756 | E5: =SUMIF('ECL Calculation'!G2:G501,"Stage 1",'ECL Calculation'!N2:N501) -> 747222.14 | F5: =IFERROR(E5/D5,0) -> 0.045152768
B6: Stage 2 | C6: =COUNTIF('ECL Calculation'!G2:G501,"Stage 2") -> 220 | D6: =SUMIF('ECL Calculation'!G2:G501,"Stage 2",'ECL Calculation'!C2:C501) -> 24833657 | E6: =SUMIF('ECL Calculation'!G2:G501,"Stage 2",'ECL Calculation'!N2:N501) -> 6681247.3 | F6: =IFERROR(E6/D6,0) -> 0.26904001
B7: Stage 3 | C7: =COUNTIF('ECL Calculation'!G2:G501,"Stage 3") -> 90 | D7: =SUMIF('ECL Calculation'!G2:G501,"Stage 3",'ECL Calculation'!C2:C501) -> 7644346 | E7: =SUMIF('ECL Calculation'!G2:G501,"Stage 3",'ECL Calculation'!N2:N501) -> 2699842.3 | F7: =IFERROR(E7/D7,0) -> 0.35318159
B8: TOTAL | C8: =SUM(C5:C7) -> 500 | D8: =SUM(D5:D7) -> 49026759 | E8: =SUM(E5:E7) -> 10128312 | F8: =IFERROR(E8/D8,0) -> 0.20658742
B11: ECL by Scenario (GBP)
B12: Scenario | C12: Weight | D12: Unweighted ECL | E12: Weighted Contribution
B13: Upside | C13: ='Cover & Assumptions'!C11 -> 0.2 | D13: =SUM('ECL Calculation'!K2:K501) -> 7133547.1 | E13: =C13*D13 -> 1426709.4
B14: Base | C14: ='Cover & Assumptions'!C12 -> 0.55 | D14: =SUM('ECL Calculation'!L2:L501) -> 8834114.1 | E14: =C14*D14 -> 4858762.7
B15: Downside | C15: ='Cover & Assumptions'!C13 -> 0.25 | D15: =SUM('ECL Calculation'!M2:M501) -> 15371358 | E15: =C15*D15 -> 3842839.6
B16: TOTAL | E16: =SUM(E13:E15) -> 10128312
B19: ECL by Sector
B20: Sector | C20: # Loans | D20: EAD (GBP) | E20: ECL (GBP) | F20: Coverage %
B21: Construction | C21: =COUNTIF('ECL Calculation'!B2:B501,"Construction") -> 47 | D21: =SUMIF('ECL Calculation'!B2:B501,"Construction",'ECL Calculation'!C2:C501) -> 5151820 | E21: =SUMIF('ECL Calculation'!B2:B501,"Construction",'ECL Calculation'!N2:N501) -> 1075197.7 | F21: =IFERROR(E21/D21,0) -> 0.2087025
B22: Healthcare | C22: =COUNTIF('ECL Calculation'!B2:B501,"Healthcare") -> 49 | D22: =SUMIF('ECL Calculation'!B2:B501,"Healthcare",'ECL Calculation'!C2:C501) -> 4369682 | E22: =SUMIF('ECL Calculation'!B2:B501,"Healthcare",'ECL Calculation'!N2:N501) -> 995817.58 | F22: =IFERROR(E22/D22,0) -> 0.22789246
B23: Hospitality | C23: =COUNTIF('ECL Calculation'!B2:B501,"Hospitality") -> 47 | D23: =SUMIF('ECL Calculation'!B2:B501,"Hospitality",'ECL Calculation'!C2:C501) -> 6298016 | E23: =SUMIF('ECL Calculation'!B2:B501,"Hospitality",'ECL Calculation'!N2:N501) -> 1300908.7 | F23: =IFERROR(E23/D23,0) -> 0.20655849
B24: Manufacturing | C24: =COUNTIF('ECL Calculation'!B2:B501,"Manufacturing") -> 49 | D24: =SUMIF('ECL Calculation'!B2:B501,"Manufacturing",'ECL Calculation'!C2:C501) -> 4865201 | E24: =SUMIF('ECL Calculation'!B2:B501,"Manufacturing",'ECL Calculation'!N2:N501) -> 1183425.8 | F24: =IFERROR(E24/D24,0) -> 0.24324295
B25: Professional Services | C25: =COUNTIF('ECL Calculation'!B2:B501,"Professional Services") -> 54 | D25: =SUMIF('ECL Calculation'!B2:B501,"Professional Services",'ECL Calculation'!C2:C501) -> 4210384 | E25: =SUMIF('ECL Calculation'!B2:B501,"Professional Services",'ECL Calculation'!N2:N501) -> 867244.81 | F25: =IFERROR(E25/D25,0) -> 0.2059776
B26: Real Estate | C26: =COUNTIF('ECL Calculation'!B2:B501,"Real Estate") -> 54 | D26: =SUMIF('ECL Calculation'!B2:B501,"Real Estate",'ECL Calculation'!C2:C501) -> 4859486 | E26: =SUMIF('ECL Calculation'!B2:B501,"Real Estate",'ECL Calculation'!N2:N501) -> 1187651.3 | F26: =IFERROR(E26/D26,0) -> 0.24439855
B27: Retail | C27: =COUNTIF('ECL Calculation'!B2:B501,"Retail") -> 45 | D27: =SUMIF('ECL Calculation'!B2:B501,"Retail",'ECL Calculation'!C2:C501) -> 4500696 | E27: =SUMIF('ECL Calculation'!B2:B501,"Retail",'ECL Calculation'!N2:N501) -> 884103.28 | F27: =IFERROR(E27/D27,0) -> 0.19643701
B28: Technology | C28: =COUNTIF('ECL Calculation'!B2:B501,"Technology") -> 46 | D28: =SUMIF('ECL Calculation'!B2:B501,"Technology",'ECL Calculation'!C2:C501) -> 4495275 | E28: =SUMIF('ECL Calculation'!B2:B501,"Technology",'ECL Calculation'!N2:N501) -> 702840.07 | F28: =IFERROR(E28/D28,0) -> 0.15635085
B29: Transport | C29: =COUNTIF('ECL Calculation'!B2:B501,"Transport") -> 60 | D29: =SUMIF('ECL Calculation'!B2:B501,"Transport",'ECL Calculation'!C2:C501) -> 6727189 | E29: =SUMIF('ECL Calculation'!B2:B501,"Transport",'ECL Calculation'!N2:N501) -> 1207297.4 | F29: =IFERROR(E29/D29,0) -> 0.17946536
B30: Wholesale | C30: =COUNTIF('ECL Calculation'!B2:B501,"Wholesale") -> 49 | D30: =SUMIF('ECL Calculation'!B2:B501,"Wholesale",'ECL Calculation'!C2:C501) -> 3549010 | E30: =SUMIF('ECL Calculation'!B2:B501,"Wholesale",'ECL Calculation'!N2:N501) -> 723825.09 | F30: =IFERROR(E30/D30,0) -> 0.20395127
